,param,trial,shrinkage value,nrmse
0,1,0,1.0,0.43162387113150297
1,1,1,1.0,0.37422820456154554
